,Year,Income_US,Income_NYS
0,2021,"$69,717","$74,314"
1,2020,"$70,877","$76,630"
2,2019,"$69,638","$76,416"
3,2018,"$66,828","$73,201"
4,2017,"$66,687","$71,725"
5,2016,"$65,052","$71,026"
6,2015,"$63,784","$69,587"
